epoch,avg_reward,skill_max,enc_acc,skill_kl,pi_acc,pi_kl
-1,-1.295955372069388,0.25,0.0625,,0.25,
3,-1.399707465998838,0.28705090284347534,0.05810397490859032,0.0010872520506381989,0.6756880283355713,0.00855867937207222
