epoch,avg_reward,skill_acc
-1,-11.400423346378819,0.125
0,-11.695833772672131,tensor(0.1107)
1,-11.414713692342158,tensor(0.1172)
2,-11.39306514529925,tensor(0.1562)
3,-11.521369012314988,tensor(0.1445)
