epoch,avg_reward
-1,1.2001953125
0,1.2294921875
1,1.28857421875
2,1.36279296875
3,1.38671875
4,1.41064453125
5,1.39404296875
6,1.47021484375
7,1.56201171875
8,1.62841796875
9,1.73828125
10,1.7724609375
11,1.66748046875
12,1.73828125
13,1.798828125
14,1.76416015625
15,1.74755859375
16,1.67822265625
17,1.78076171875
18,1.7060546875
19,1.69775390625
20,1.7451171875
21,1.6962890625
