epoch,avg_reward
-1,2.3125
0,2.03515625
1,2.484375
2,2.47265625
3,1.859375
4,2.0859375
5,2.2890625
6,2.30078125
7,2.16796875
8,2.33984375
9,2.3828125
10,2.34765625
11,2.8203125
12,2.26953125
13,2.21484375
14,2.25
15,2.328125
16,2.39453125
17,2.39453125
