epoch,avg_reward
103,2.375
-1,2.96875
104,2.375
0,3.6875
105,2.375
106,2.84375
107,2.84375
108,2.375
109,2.84375
110,2.84375
111,2.84375
112,2.84375
113,2.84375
114,2.84375
115,2.84375
