epoch,avg_reward
-1,-82580.48478020233
0,-120837.00406943477
1,-144662.44940158835
