epoch,avg_reward
-1,2.765625
0,4.64453125
1,4.01171875
2,4.015625
3,3.5078125
4,4.22265625
5,3.8359375
6,4.14453125
7,4.19140625
8,4.09375
9,4.296875
